0,37,-14
0,37,-14
0,37,-14
0,37,-14
0,37,-14
0,37,-14
0,37,-14
0,37,-14
0,37,-14
0,37,-14
0,37,-14
0,37,-14
0,37,-14
0,37,-14
0,37,-14
0,37,-14
0,37,-14
0,37,-14
0,37,-14
0,37,-14
0,37,-14
0,37,-14
0,37,-14
0,37,-14
0,37,-14
0,37,-14
0,37,-14
0,37,-14
0,37,-14
0,37,-14
0,37,-14
0,37,-14
0,37,-14
0,37,-14
0,37,-14
0,37,-14
0,37,-14
0,37,-14
0,37,-14
0,37,-14
0,37,-14
0,37,-14
0,37,-14
0,37,-14
0,37,-14
0,37,-14
0,37,-14
0,37,-14
0,37,-14
0,37,-14
0,37,-14
0,37,-14
0,37,-14
0,37,-14
0,37,-14
0,37,-14
0,37,-14
0,37,-14
0,37,-14
0,37,-14
0,37,-14
0,37,-14
0,37,-14
0,37,-14
0,37,-14
0,37,-14
0,37,-14
0,37,-14
0,37,-14
0,37,-14
0,37,-14
0,37,-14
0,37,-14
0,37,-14
0,37,-14
0,37,-14
0,37,-14
0,37,-14
0,37,-14
0,37,-14
0,37,-14
0,37,-14
0,37,-14
0,37,-14
0,37,-14
0,37,-14
0,37,-14
0,37,-14
0,37,-14
0,37,-14
0,37,-14
0,37,-14
0,37,-14
0,37,-14
0,37,-14
0,37,-14
0,37,-14
0,37,-14
0,37,-14
0,37,-14
0,37,-14
0,37,-14
0,37,-14
0,37,-14
0,37,-15
0,37,-15
0,37,-15
0,37,-15
0,37,-15
0,37,-15
0,37,-16
0,37,-16
0,37,-16
0,37,-17
0,37,-17
0,37,-17
0,37,-17
0,37,-18
0,37,-18
0,37,-19
0,37,-19
0,37,-19
0,37,-20
0,37,-20
0,37,-21
0,37,-21
0,37,-21
0,37,-22
0,37,-22
0,37,-22
0,37,-23
0,37,-23
0,37,-23
0,37,-24
0,37,-24
0,37,-24
0,37,-24
0,37,-25
0,37,-25
0,37,-25
0,37,-25
0,37,-25
0,37,-25
0,37,-25
0,37,-25
0,37,-25
0,37,-25
0,37,-25
0,37,-25
0,37,-25
0,37,-25
0,37,-25
0,37,-25
0,37,-25
0,37,-25
0,37,-25
0,37,-25
0,37,-25
0,37,-25
0,37,-24
0,37,-24
0,37,-24
0,37,-24
0,37,-23
0,37,-23
0,37,-23
0,37,-22
0,37,-22
0,37,-22
0,37,-21
0,37,-21
0,37,-21
0,37,-20
0,37,-20
0,37,-19
0,37,-19
0,37,-19
0,37,-18
0,37,-18
0,37,-17
0,37,-17
0,37,-17
0,37,-17
0,37,-16
0,37,-16
0,37,-16
0,37,-15
0,37,-15
0,37,-15
0,37,-15
0,37,-15
0,37,-15
0,37,-14
0,37,-14
0,37,-14
0,37,-14
0,37,-14
0,37,-14
0,37,-14
0,37,-14
0,37,-14
0,37,-14
0,37,-14
0,37,-14
0,37,-15
0,37,-15
0,37,-15
0,37,-15
0,37,-15
0,37,-15
0,37,-16
0,37,-16
0,37,-16
0,37,-17
0,37,-17
0,37,-17
0,37,-17
0,37,-18
0,37,-18
0,37,-19
0,37,-19
0,37,-19
0,37,-20
0,37,-20
0,37,-21
0,37,-21
0,37,-21
0,37,-22
0,37,-22
0,37,-22
0,37,-23
0,37,-23
0,37,-23
0,37,-24
0,37,-24
0,37,-24
0,37,-24
0,37,-25
0,37,-25
0,37,-25
0,37,-25
0,37,-25
0,37,-25
0,37,-25
0,37,-25
0,37,-25
0,37,-25
0,37,-25
0,37,-25
0,37,-25
0,37,-25
0,37,-25
0,37,-25
0,37,-25
0,37,-25
0,37,-25
0,37,-25
0,37,-25
0,37,-25
0,37,-24
0,37,-24
0,37,-24
0,37,-24
0,37,-23
0,37,-23
0,37,-23
0,37,-22
0,37,-22
0,37,-22
0,37,-21
0,37,-21
0,37,-21
0,37,-20
0,37,-20
0,37,-19
0,37,-19
0,37,-19
0,37,-18
0,37,-18
0,37,-17
0,37,-17
0,37,-17
0,37,-17
0,37,-16
0,37,-16
0,37,-16
0,37,-15
0,37,-15
0,37,-15
0,37,-15
0,37,-15
0,37,-15
0,37,-14
0,37,-14
0,37,-14
0,37,-14
0,37,-14
0,37,-14
0,37,-14
0,37,-14
0,37,-14
0,37,-14
0,37,-14
0,37,-14
0,37,-15
0,37,-15
0,37,-15
0,37,-15
0,37,-15
0,37,-15
0,37,-16
0,37,-16
0,37,-16
0,37,-17
0,37,-17
0,37,-17
0,37,-17
0,37,-18
0,37,-18
0,37,-19
0,37,-19
0,37,-19
0,37,-20
0,37,-20
0,37,-21
0,37,-21
0,37,-21
0,37,-22
0,37,-22
0,37,-22
0,37,-23
0,37,-23
0,37,-23
0,37,-24
0,37,-24
0,37,-24
0,37,-24
0,37,-25
0,37,-25
0,37,-25
0,37,-25
0,37,-25
0,37,-25
0,37,-25
0,37,-25
0,37,-25
0,37,-25
0,37,-25
0,37,-25
0,37,-25
0,37,-25
0,37,-25
0,37,-25
0,37,-25
0,37,-25
0,37,-25
0,37,-25
0,37,-25
0,37,-25
0,37,-24
0,37,-24
0,37,-24
0,37,-24
0,37,-23
0,37,-23
0,37,-23
0,37,-22
0,37,-22
0,37,-22
0,37,-21
0,37,-21
0,37,-21
0,37,-20
0,37,-20
0,37,-19
0,37,-19
0,37,-19
0,37,-18
0,37,-18
0,37,-17
0,37,-17
0,37,-17
0,37,-17
0,37,-16
0,37,-16
0,37,-16
0,37,-15
0,37,-15
0,37,-15
0,37,-15
0,37,-15
0,37,-15
0,37,-14
0,37,-14
0,37,-14
0,37,-14
0,37,-14
0,37,-14
0,37,-14
0,37,-14
0,37,-14
0,37,-14
0,37,-14
0,37,-14
0,37,-15
0,37,-15
0,37,-15
0,37,-15
0,37,-15
0,37,-15
0,37,-16
0,37,-16
0,37,-16
0,37,-17
0,37,-17
0,37,-17
0,37,-17
0,37,-18
0,37,-18
0,37,-19
0,37,-19
0,37,-19
0,37,-20
0,37,-20
0,37,-21
0,37,-21
0,37,-21
0,37,-22
0,37,-22
0,37,-22
0,37,-23
0,37,-23
0,37,-23
0,37,-24
0,37,-24
0,37,-24
0,37,-24
0,37,-25
0,37,-25
0,37,-25
0,37,-25
0,37,-25
0,37,-25
0,37,-25
0,37,-25
0,37,-25
0,37,-25
0,37,-25
0,37,-25
0,37,-25
0,37,-25
0,37,-25
0,37,-25
0,37,-25
0,37,-25
0,37,-25
0,37,-25
0,37,-25
0,37,-25
0,37,-24
0,37,-24
0,37,-24
0,37,-24
0,37,-23
0,37,-23
0,37,-23
0,37,-22
0,37,-22
0,37,-22
0,37,-21
0,37,-21
0,37,-21
0,37,-20
0,37,-20
0,37,-19
0,37,-19
0,37,-19
0,37,-18
0,37,-18
0,37,-17
0,37,-17
0,37,-17
0,37,-17
0,37,-16
0,37,-16
0,37,-16
0,37,-15
0,37,-15
0,37,-15
0,37,-15
0,37,-15
0,37,-15
0,37,-14
0,37,-14
0,37,-14
0,37,-14
0,37,-14
0,37,-14
0,37,-14
0,37,-14
0,37,-14
0,37,-14
0,37,-14
0,37,-14
0,37,-15
0,37,-15
0,37,-15
0,37,-15
0,37,-15
0,37,-15
0,37,-16
0,37,-16
0,37,-16
0,37,-17
0,37,-17
0,37,-17
0,37,-17
0,37,-18
0,37,-18
0,37,-19
0,37,-19
0,37,-19
0,37,-20
0,37,-20
0,37,-21
0,37,-21
0,37,-21
0,37,-22
0,37,-22
0,37,-22
0,37,-23
0,37,-23
0,37,-23
0,37,-24
0,37,-24
0,37,-24
0,37,-24
0,37,-25
0,37,-25
0,37,-25
0,37,-25
0,37,-25
0,37,-25
0,37,-25
0,37,-25
0,37,-25
0,37,-25
0,37,-25
0,37,-25
0,37,-25
0,37,-25
0,37,-25
0,37,-25
0,37,-25
0,37,-25
0,37,-25
0,37,-25
0,37,-25
0,37,-25
0,37,-24
0,37,-24
0,37,-24
0,37,-24
0,37,-23
0,37,-23
0,37,-23
0,37,-22
0,37,-22
0,37,-22
0,37,-21
0,37,-21
0,37,-21
0,37,-20
0,37,-20
0,37,-19
0,37,-19
0,37,-19
0,37,-18
0,37,-18
0,37,-17
0,37,-17
0,37,-17
0,37,-17
0,37,-16
0,37,-16
0,37,-16
0,37,-15
0,37,-15
0,37,-15
0,37,-15
0,37,-15
0,37,-15
0,37,-14
0,37,-14
0,37,-14
0,37,-14
0,37,-14
0,37,-14
0,37,-14
0,37,-14
0,37,-14
0,37,-14
0,37,-14
0,37,-14
0,37,-15
0,37,-15
0,37,-15
0,37,-15
0,37,-15
0,37,-15
0,37,-16
0,37,-16
0,37,-16
0,37,-17
0,37,-17
0,37,-17
0,37,-17
0,37,-18
0,37,-18
0,37,-19
0,37,-19
0,37,-19
0,37,-20
0,37,-20
0,37,-21
0,37,-21
0,37,-21
0,37,-22
0,37,-22
0,37,-22
0,37,-23
0,37,-23
0,37,-23
0,37,-24
0,37,-24
0,37,-24
0,37,-24
0,37,-25
0,37,-25
0,37,-25
0,37,-25
0,37,-25
0,37,-25
0,37,-25
0,37,-25
0,37,-25
0,37,-25
0,37,-25
0,37,-25
0,37,-25
0,37,-25
0,37,-25
0,37,-25
0,37,-25
0,37,-25
0,37,-25
0,37,-25
0,37,-25
0,37,-25
0,37,-24
0,37,-24
0,37,-24
0,37,-24
0,37,-23
0,37,-23
0,37,-23
0,37,-22
0,37,-22
0,37,-22
0,37,-21
0,37,-21
0,37,-21
0,37,-20
0,37,-20
0,37,-19
0,37,-19
0,37,-19
0,37,-18
0,37,-18
0,37,-17
0,37,-17
0,37,-17
0,37,-17
0,37,-16
0,37,-16
0,37,-16
0,37,-15
0,37,-15
0,37,-15
0,37,-15
0,37,-15
0,37,-15
0,37,-14
0,37,-14
0,37,-14
0,37,-14
0,37,-14
0,37,-14
0,37,-14
0,37,-14
0,37,-14
0,37,-14
0,37,-14
0,37,-14
0,37,-15
0,37,-15
0,37,-15
0,37,-15
0,37,-15
0,37,-15
0,37,-16
0,37,-16
0,37,-16
0,37,-17
0,37,-17
0,37,-17
0,37,-17
0,37,-18
0,37,-18
0,37,-19
0,37,-19
0,37,-19
0,37,-20
0,37,-20
0,37,-21
0,37,-21
0,37,-21
0,37,-22
0,37,-22
0,37,-22
0,37,-23
0,37,-23
0,37,-23
0,37,-24
0,37,-24
0,37,-24
0,37,-24
0,37,-25
0,37,-25
0,37,-25
0,37,-25
0,37,-25
0,37,-25
0,37,-25
0,37,-25
0,37,-25
0,37,-25
0,37,-25
0,37,-25
0,37,-25
0,37,-25
0,37,-25
0,37,-25
0,37,-25
0,37,-25
0,37,-25
0,37,-25
0,37,-25
0,37,-25
0,37,-24
0,37,-24
0,37,-24
0,37,-24
0,37,-23
0,37,-23
0,37,-23
0,37,-22
0,37,-22
0,37,-22
0,37,-21
0,37,-21
0,37,-21
0,37,-20
0,37,-20
0,37,-19
0,37,-19
0,37,-19
0,37,-18
0,37,-18
0,37,-17
0,37,-17
0,37,-17
0,37,-17
0,37,-16
0,37,-16
0,37,-16
0,37,-15
0,37,-15
0,37,-15
0,37,-15
0,37,-15
0,37,-15
0,37,-14
0,37,-14
0,37,-14
0,37,-14
0,37,-14
0,37,-14
0,37,-14
0,37,-14
0,37,-14
0,37,-14
0,37,-14
0,37,-14
0,37,-15
0,37,-15
0,37,-15
0,37,-15
0,37,-15
0,37,-15
0,37,-16
0,37,-16
0,37,-16
0,37,-17
0,37,-17
0,37,-17
0,37,-17
0,37,-18
0,37,-18
0,37,-19
0,37,-19
0,37,-19
0,37,-20
0,37,-20
0,37,-21
0,37,-21
0,37,-21
0,37,-22
0,37,-22
0,37,-22
0,37,-23
0,37,-23
0,37,-23
0,37,-24
0,37,-24
0,37,-24
0,37,-24
0,37,-25
0,37,-25
0,37,-25
0,37,-25
0,37,-25
0,37,-25
0,37,-25
0,37,-25
0,37,-25
0,37,-25
0,37,-25
0,37,-25
0,37,-25
0,37,-25
0,37,-25
0,37,-25
0,37,-25
0,37,-25
0,37,-25
0,37,-25
0,37,-25
0,37,-25
0,37,-24
0,37,-24
0,37,-24
0,37,-24
0,37,-23
0,37,-23
0,37,-23
0,37,-22
0,37,-22
0,37,-22
0,37,-21
0,37,-21
0,37,-21
0,37,-20
0,37,-20
0,37,-19
0,37,-19
0,37,-19
0,37,-18
0,37,-18
0,37,-17
0,37,-17
0,37,-17
0,37,-17
0,37,-16
0,37,-16
0,37,-16
0,37,-15
0,37,-15
0,37,-15
0,37,-15
0,37,-15
0,37,-15
0,37,-14
0,37,-14
0,37,-14
0,37,-14
0,37,-14
0,37,-14
0,37,-14
0,37,-14
0,37,-14
0,37,-14
0,37,-14
0,37,-14
0,37,-15
0,37,-15
0,37,-15
0,37,-15
0,37,-15
0,37,-15
0,37,-16
0,37,-16
0,37,-16
0,37,-17
0,37,-17
0,37,-17
0,37,-17
0,37,-18
0,37,-18
0,37,-19
0,37,-19
0,37,-19
0,37,-20
0,37,-20
0,37,-21
0,37,-21
0,37,-21
0,37,-22
0,37,-22
0,37,-22
0,37,-23
0,37,-23
0,37,-23
0,37,-24
0,37,-24
0,37,-24
0,37,-24
0,37,-25
0,37,-25
0,37,-25
0,37,-25
0,37,-25
0,37,-25
0,37,-25
0,37,-25
0,37,-25
0,37,-25
0,37,-25
0,37,-25
0,37,-25
0,37,-25
0,37,-25
0,37,-25
0,37,-25
0,37,-25
0,37,-25
0,37,-25
0,37,-25
0,37,-25
0,37,-24
0,37,-24
0,37,-24
0,37,-24
0,37,-23
0,37,-23
0,37,-23
0,37,-22
0,37,-22
0,37,-22
0,37,-21
0,37,-21
0,37,-21
0,37,-20
0,37,-20
0,37,-19
0,37,-19
0,37,-19
0,37,-18
0,37,-18
0,37,-17
0,37,-17
0,37,-17
0,37,-17
0,37,-16
0,37,-16
0,37,-16
0,37,-15
0,37,-15
0,37,-15
0,37,-15
0,37,-15
0,37,-15
0,37,-14
0,37,-14
0,37,-14
0,37,-14
0,37,-14
0,37,-14
0,37,-14
0,37,-14
0,37,-14
